{
    "Commissions and Personal":{
        "Commission - Bull Transformation":
        {
        "link":"https://www.youtube.com/watch?v=9ifBDyVCeAY",
        "color":""
        },

        "Commission - Stratera Youtube Intro":
        {
        "link":"https://www.youtube.com/watch?v=SU9tRkYD_vE",
        "color":""
        },

        "Commission - Gibes Youtube Intro":
        {
        "link":"https://www.youtube.com/watch?v=MRIpPvY7-JQ",
        "color":""
        },

        "Commission - Batman Animatic":
        {
        "link":"https://www.youtube.com/watch?v=l8Yrg3vXusk",
        "color":""
        },

        "Collab - Beast Rising":
        {
        "link":"https://www.youtube.com/watch?v=QMRCFCVoNao",
        "color":""
        },

        "Collab - Road to El Dorado":
        {
        "link":"https://www.youtube.com/watch?v=C_CuRekPF4k",
        "color":""
        },

        "HypnosisSoft - Game (PV)":
        {
        "link":"https://x.com/hypnosissoft/status/1803133436623986990",
        "color":"orange"
        }
    },

    "Atomic Cartoons":{
        "Cartoon (PV)":
        {
        "link":"TBA",
        "color":"orange"
        }
        },
    "J.C.Staff":{
        "One-Punch man S3 (LO)":
        {
        "link":"https://www.instagram.com/sadewoo0/p/DR_v7iGkzdH/",
        "color":"yellow"
        }
        },
    "E&H Production":{
        "Anime (LO)":
        {
        "link":"TBA",
        "color":"orange"
        }
        },
    "Studio MAF":{
        "Ganglion (LO)(Genga)":
        {
        "link":"https://www.instagram.com/sadewoo0/p/DR_tgEwE8k4/",
        "color":"yellow"
        }
        },
    "Studio WIT":{
        "Yaiba:Samurai Legend (E10)(LO)":
        {
        "link":"https://www.youtube.com/watch?v=nTF6QBu7vMA",
        "color":""
        },
        "Yaiba:Samurai Legend (E21)(LO)":
        {
        "link":"https://www.youtube.com/watch?v=MSiL1tRuQiY",
        "color":""
        }
        },
    "Production I.G":{
        "Kinnikuman (S1:E6)(LO)":
        {
        "link":"https://www.youtube.com/watch?v=Bi_s_g2l1Yk",
        "color":""
        }

        },
    "AstralShiftPro":{
        "Little Goody Two Shoes (PV)":
        {
        "link":"https://sadewoo.tumblr.com/post/732936987201404928/post-animation-little-goody-two-shoes-trailer",
        "color":""
        }

        },
    "Newgrounds":{
        "Friday Night Funkin' (Cutscene)":
        {
        "link":"https://www.youtube.com/watch?v=BLUcapqwyuU",
        "color":""
        }

        },
    "Studio Yotta":{
        "Cartoon (PV)🪰" :
        {
        "link":"TBA",
        "color":"orange"
        },

        "The Battle Cats x Sonic (PV)(Animated 0:14, 0:21, 0:22, 0:37)" :
        {
        "link":"https://www.youtube.com/watch?v=C-7V-dB5ly0",
        "color":"lightgreen"
        },

        "Digimon Ghost Game (S1:E3 & S1:E9)":
        {
        "link":"https://x.com/StudioYotta/status/1467329919352901633",
        "color":"yellow"
        },

        "Boruto (E232)":
        {
        "link":"https://media.licdn.com/dms/image/v2/C562DAQFIsAc_D1fv6g/profile-treasury-image-shrink_800_800/profile-treasury-image-shrink_800_800/0/1643688073585?e=1749344400&v=beta&t=-2DejMfN4qFjM7uRBrUfSm2-cRbslTrSu6xgd3Xphz4",
        "color":"yellow"
        },

        "Animaniacs (2020)(S1:E4)(Anime)":
        {
        "link":"https://www.youtube.com/watch?v=DudZFZ2n9iI",
        "color":""
        },

        "VShojo x GFuel (PV)":
        {
        "link":"https://www.youtube.com/watch?v=iZw1_2PFsZE",
        "color":""
        },

        "Craig Before the Creek Movie (2023)":
        {
        "link":"https://www.youtube.com/watch?v=DudZFZ2n9iI",
        "color":""
        },

        "Vampire Survivors x SAGA (PV)":
        {
        "link":"https://www.youtube.com/watch?v=iZw1_2PFsZE",
        "color":""
        },

        "Vampire Survivors x Contra (PV)":
        {
        "link":"https://www.youtube.com/watch?v=iZw1_2PFsZE",
        "color":""
        },

        "Vampire Survivors x Castlevania (PV)":
        {
        "link":"https://www.youtube.com/watch?v=iZw1_2PFsZE",
        "color":""
        },

        "Vampire Survivors x Among Us (PV)":
        {
        "link":"https://www.youtube.com/watch?v=iZw1_2PFsZE",
        "color":""
        },

        "Nova Island (PV)":
        {
        "link":"https://www.youtube.com/watch?v=iZw1_2PFsZE",
        "color":""
        },

        "Starlight Re:Volvers (PV)":
        {
        "link":"https://www.youtube.com/watch?v=o8WkNXMExSw",
        "color":"lightgreen"
        },

        "Inkbound (PV)":
        {
        "link":"https://www.youtube.com/watch?v=iZw1_2PFsZE",
        "color":""
        },

        "Grotto Beasts (PV)(Animated 1:32, 1:33(That Dinosaur running only))":
        {
        "link":"https://www.youtube.com/watch?v=gPm4DxaD6Wc",
        "color":"lightgreen"
        },

        "Neon White (PV)(Animated 0:25, 0:34, 0:44)":
        {
        "link":"https://www.youtube.com/watch?v=lxWmFEuE6Y0",
        "color":"lightgreen"
        },

        "Smiling Friends (S2:E3 & S2:E4)" :
        {
        "link":"https://www.youtube.com/watch?v=00_sb0h2mRQ",
        "color":""
        },

        "Biggie: I Got a Story to Tell (PV)":
        {
        "link":"https://www.youtube.com/watch?v=5QBUlcajrEY",
        "color":"lightgreen"
        }

        },

    "Chaos Emporium":{
        "Helluvaboss (S1:E6)":
        {
        "link":"https://www.youtube.com/watch?v=ZArlzeNNAEs",
        "color":""
        }

        },

    "Titmouse":{
        "Hi-Fi Rush (Cutscene)":
        {
        "link":"https://www.youtube.com/watch?v=B_BOYNky24w",
        "color":""
        },

        "I Heart Arlo (S1:E19)":
        {
        "link":"https://www.youtube.com/watch?v=ZArlzeNNAEs&list=PLdk56EjsMhfjwymlCUUltcL63fZDmyZvZ&index=12",
        "color":""
        },

        "Area 21 (MV)(FX Only)":
        {
        "link":"https://www.youtube.com/watch?v=DudZFZ2n9iI",
        "color":"lightgreen"
        },

        "Agent King":
        {
        "link":"TBA",
        "color":"orange"
        }

        },


    "Portside Studios":{
        "Port by the sea":
        {
        "link":"https://www.youtube.com/watch?v=F5yHNCQYEAY",
        "color":""
        }
        },
    "Tampar Production":{
        "Tinggal Meninggal (Movie)(Animated Ninja Cat at 1:44)":
        {
        "link":"https://youtu.be/Z_G2cU5-vSk?t=104",
        "color":"lightgreen"
        },
        "Wanara Teaser":
        {
        "link":"https://www.youtube.com/watch?v=mYs6NoN2VAQ",
        "color":""
        },
        "Iklan Mie Sedap (AD)(Animated the noodles at 0:04-0:08)":
        {
        "link":"https://youtu.be/ViYURHZlNSc?si=c3zMmDNXG2JxlRDL",
        "color":"lightgreen"
        },
        "Yellow Claw - Amsterdamned (MV)(Animated 0:43, 2:21-2:27)":
        {
        "link":"https://www.youtube.com/watch?v=NtYPh5Lh9HA",
        "color":"lightgreen"
        },
        "Arus Merah (MV)(Animated 0:26-0:31, 0:48, 1:30, 1:57-2:00)":
        {
        "link":"https://www.youtube.com/watch?v=OMd0sFVKvUI",
        "color":"lightgreen"
        }

        },
    "Cuatrodia Creative":{
        "Iklan Go Pay (AD)(Animated that one horse at 1:31)":
        {
        "link":"https://www.youtube.com/watch?v=kIRsFMsnoNY",
        "color":"lightgreen"
        }
        },
    "Zettai Absolute":{
        "Qtp vs T1 (Animated 0:40-0:44)":
        {
        "link":"https://www.youtube.com/watch?v=J6g1kD7Yyyo",
        "color":"lightgreen"
        },
        "Ambition's Journey Parody (Animated 0:47-0:53)":
        {
        "link":"https://www.youtube.com/watch?v=QdSXrlQWTX8",
        "color":"lightgreen"
        },
        "Ryze’s 10-Year Realm Warp (Animated 1:49)":
        {
        "link":"https://www.youtube.com/watch?v=n_-kANpqetM",
        "color":"lightgreen"
        },
        "LCS 2020 Spring Finals Opening Ceremony Community Animation (Animated 0:04-0:16)":
        {
        "link":"https://www.youtube.com/watch?v=Rkx_2Jybed4",
        "color":"lightgreen"
        }
        }

}
