[
	{ 
    "src": "../../assets/drawings/combined_mecha.png", 
    "alt": "",
    "tags": ["sketch"] 
  },
  { 
    "src": "../../assets/drawings/combined_human.png", 
    "alt": "",
    "tags": ["sketch"] 
  },
  { 
    "src": "../../assets/drawings/combined_critters.webp", 
    "alt": "", 
    "tags": ["sketch"]
  },
  { 
    "src": "../../assets/drawings/combined_oc.png", 
    "alt": "", 
    "tags": ["settei"]
  },
  { 
    "src": "../../assets/drawings/astra_pramesty.jpg", 
    "alt": "", 
    "tags": ["settei"]
  },
  { 
    "src": "../../assets/drawings/TingNing_NinjaCat_CharacterSheet.png", 
    "alt": "", 
    "tags": ["settei"]
  }
]

